{
  "eye": {
    "orientation": [
      0.960293710231781,
      0,
      0,
      -0.2789909541606903
    ],
    "magnitude": 1,
    "position": [
      0,
      274.4355163574219,
      -432.23944091796875
    ]
  },
  "radius": 512,
  "type": "ORTHOGRAPHIC"
}